-- phpMyAdmin SQL Dump
-- version 5.1.1
-- https://www.phpmyadmin.net/
--
-- Hôte : 127.0.0.1
-- Généré le : jeu. 12 août 2021 à 16:37
-- Version du serveur : 10.4.19-MariaDB
-- Version de PHP : 7.4.20

SET SQL_MODE = "NO_AUTO_VALUE_ON_ZERO";
START TRANSACTION;
SET time_zone = "+00:00";


/*!40101 SET @OLD_CHARACTER_SET_CLIENT=@@CHARACTER_SET_CLIENT */;
/*!40101 SET @OLD_CHARACTER_SET_RESULTS=@@CHARACTER_SET_RESULTS */;
/*!40101 SET @OLD_COLLATION_CONNECTION=@@COLLATION_CONNECTION */;
/*!40101 SET NAMES utf8mb4 */;

--
-- Base de données : `pfe`
--

-- --------------------------------------------------------

--
-- Structure de la table `achat`
--

CREATE TABLE `achat` (
  `id_a` int(11) NOT NULL,
  `id_f` int(11) NOT NULL,
  `date_a` date NOT NULL
) ENGINE=InnoDB DEFAULT CHARSET=latin1;

--
-- Déchargement des données de la table `achat`
--

INSERT INTO `achat` (`id_a`, `id_f`, `date_a`) VALUES
(82, 4, '0000-00-00'),
(83, 7, '2015-07-27'),
(84, 3, '2015-07-27'),
(85, 7, '2015-07-27'),
(87, 7, '2015-10-13'),
(88, 1, '2021-07-05'),
(123, 17, '2021-07-07'),
(124, 17, '2021-07-08'),
(125, 17, '2021-07-07'),
(126, 17, '2021-07-07'),
(127, 17, '2021-07-07'),
(128, 17, '2021-07-07'),
(129, 17, '2021-07-08'),
(130, 17, '2021-07-08'),
(131, 17, '2021-07-08'),
(132, 17, '2021-07-08'),
(133, 17, '2021-07-08'),
(134, 17, '2021-07-26'),
(135, 17, '2021-07-26'),
(136, 17, '2021-07-26'),
(137, 21, '2021-07-26'),
(138, 17, '2021-08-01'),
(139, 17, '2021-08-05'),
(140, 17, '2021-08-05'),
(141, 17, '2021-08-05'),
(142, 17, '2021-08-05'),
(143, 17, '2021-08-05'),
(144, 17, '2021-08-05');

-- --------------------------------------------------------

--
-- Structure de la table `agent`
--

CREATE TABLE `agent` (
  `id_a` int(11) NOT NULL,
  `nom_u` varchar(255) DEFAULT NULL,
  `prenom_u` varchar(255) DEFAULT NULL,
  `image` varchar(255) DEFAULT NULL
) ENGINE=InnoDB DEFAULT CHARSET=latin1;

--
-- Déchargement des données de la table `agent`
--

INSERT INTO `agent` (`id_a`, `nom_u`, `prenom_u`, `image`) VALUES
(1, 'ba', 'Aziz', 'test'),
(2, 'seck', 'Lamin', 'test'),
(3, 'Diagne', 'Madieye', 'test'),
(4, 'Fall', 'Cheikh', 'test');

-- --------------------------------------------------------

--
-- Structure de la table `br`
--

CREATE TABLE `br` (
  `id_br` int(11) NOT NULL,
  `id_cpt` int(2) UNSIGNED ZEROFILL NOT NULL,
  `date` varchar(11) NOT NULL
) ENGINE=InnoDB DEFAULT CHARSET=latin1;

--
-- Déchargement des données de la table `br`
--

INSERT INTO `br` (`id_br`, `id_cpt`, `date`) VALUES
(1, 01, '2021-08-10'),
(2, 01, '2021-08-10'),
(4, 01, '2021-08-10'),
(5, 01, '2021-08-10'),
(7, 01, '2021-08-10'),
(8, 01, '2021-08-10'),
(9, 01, '2021-08-10'),
(10, 01, '2021-08-11'),
(11, 01, '2021-08-11'),
(12, 01, '2021-08-11'),
(13, 01, '2021-08-11'),
(14, 01, '2021-08-11'),
(15, 01, '2021-08-11'),
(16, 01, '2021-08-11'),
(17, 01, '2021-08-11'),
(20, 01, '2021-08-11'),
(21, 01, '2021-08-11'),
(22, 01, '2021-08-11'),
(23, 01, '2021-08-11'),
(24, 01, '2021-08-11'),
(25, 01, '2021-08-11'),
(26, 01, '2021-08-11'),
(27, 01, '2021-08-11'),
(28, 01, '2021-08-11'),
(29, 01, '2021-08-11'),
(30, 01, '2021-08-11'),
(31, 01, '2021-08-11'),
(32, 01, '2021-08-11'),
(33, 01, '2021-08-11'),
(34, 01, '2021-08-11'),
(35, 01, '2021-08-11'),
(36, 01, '2021-08-11'),
(37, 01, '2021-08-11'),
(38, 01, '2021-08-11'),
(39, 01, '2021-08-11'),
(40, 01, '2021-08-11'),
(41, 01, '2021-08-11'),
(42, 01, '2021-08-11'),
(43, 01, '2021-08-11'),
(44, 01, '2021-08-11'),
(45, 01, '2021-08-11'),
(46, 01, '2021-08-11'),
(47, 01, '2021-08-11'),
(48, 01, '2021-08-11'),
(49, 01, '2021-08-11'),
(50, 01, '2021-08-12'),
(51, 01, '2021-08-12'),
(52, 01, '2021-08-12'),
(53, 01, '2021-08-12');

-- --------------------------------------------------------

--
-- Structure de la table `centre`
--

CREATE TABLE `centre` (
  `id_c` int(11) NOT NULL,
  `nom_centre` varchar(255) NOT NULL
) ENGINE=InnoDB DEFAULT CHARSET=latin1;

--
-- Déchargement des données de la table `centre`
--

INSERT INTO `centre` (`id_c`, `nom_centre`) VALUES
(1, 'PA'),
(2, 'DP'),
(3, 'GW');

-- --------------------------------------------------------

--
-- Structure de la table `client`
--

CREATE TABLE `client` (
  `id_clt` int(11) NOT NULL,
  `CIN` varchar(200) NOT NULL,
  `Nom` varchar(20) DEFAULT NULL,
  `Prenom` varchar(200) NOT NULL,
  `tele` varchar(20) DEFAULT NULL,
  `Adresse` text DEFAULT NULL
) ENGINE=InnoDB DEFAULT CHARSET=latin1;

--
-- Déchargement des données de la table `client`
--

INSERT INTO `client` (`id_clt`, `CIN`, `Nom`, `Prenom`, `tele`, `Adresse`) VALUES
(51, 'AD85584', 'Mansouri', 'Zakaria', '06959995', 'hay inbiaat sale'),
(52, 'AE8549', 'Ahmed', 'Safrioui', '058498984', 'Hay takadoum Rabat'),
(53, 'AB28841', 'Bouazaoui', 'Ali', '054894958', 'Hay karima Sale'),
(54, 'BE184568', 'Asrii', 'youness', '0654985', ''),
(55, 'DR15649', 'Jarfi', 'said', '068848984', ''),
(56, 'SD54187', 'Bazoui', 'Mohamed', '058494', 'sale'),
(58, 'Autre', 'Autre', 'Autre', 'Autre', 'Autre');

-- --------------------------------------------------------

--
-- Structure de la table `compte`
--

CREATE TABLE `compte` (
  `id_cpt` int(2) UNSIGNED ZEROFILL NOT NULL,
  `login` varchar(15) NOT NULL,
  `nom_u` varchar(30) NOT NULL,
  `prenom_u` varchar(30) NOT NULL,
  `password` varchar(30) NOT NULL,
  `centre` varchar(30) NOT NULL
) ENGINE=InnoDB DEFAULT CHARSET=latin1;

--
-- Déchargement des données de la table `compte`
--

INSERT INTO `compte` (`id_cpt`, `login`, `nom_u`, `prenom_u`, `password`, `centre`) VALUES
(01, 'Admin', 'Ndiaye', 'Cheikh', 'admin', 'PA'),
(02, 'ba', 'Ba', 'Aziz', 'test', 'KM'),
(03, 'sa', 'dieye', 'Sadikh', 'test', 'DK');

-- --------------------------------------------------------

--
-- Structure de la table `compte_autorise`
--

CREATE TABLE `compte_autorise` (
  `id_c` int(11) NOT NULL,
  `id_cpt` int(11) NOT NULL
) ENGINE=InnoDB DEFAULT CHARSET=latin1;

--
-- Déchargement des données de la table `compte_autorise`
--

INSERT INTO `compte_autorise` (`id_c`, `id_cpt`) VALUES
(1, 24),
(1, 25),
(1, 26),
(2, 24),
(2, 26),
(2, 27),
(3, 25);

-- --------------------------------------------------------

--
-- Structure de la table `detail_compte`
--

CREATE TABLE `detail_compte` (
  `id_cpt` int(11) NOT NULL,
  `nom_u` varchar(255) DEFAULT NULL,
  `prenom_u` varchar(255) DEFAULT NULL,
  `Nom_centre` varchar(255) DEFAULT NULL,
  `password` varchar(255) DEFAULT NULL
) ENGINE=InnoDB DEFAULT CHARSET=latin1;

-- --------------------------------------------------------

--
-- Structure de la table `d_achat`
--

CREATE TABLE `d_achat` (
  `id_da` int(11) NOT NULL,
  `id_a` int(11) NOT NULL,
  `id_m` int(11) NOT NULL,
  `qte_a` int(11) NOT NULL,
  `im` varchar(255) DEFAULT NULL,
  `dda` varchar(255) DEFAULT NULL,
  `dde` varchar(255) DEFAULT NULL
) ENGINE=InnoDB DEFAULT CHARSET=utf8;

--
-- Déchargement des données de la table `d_achat`
--

INSERT INTO `d_achat` (`id_da`, `id_a`, `id_m`, `qte_a`, `im`, `dda`, `dde`) VALUES
(1, 129, 83, 45, '45', 'kjklm', 'fghj'),
(2, 129, 0, 0, '', '', ''),
(3, 129, 0, 0, '', '', ''),
(4, 129, 0, 0, '', '', ''),
(5, 129, 0, 0, '', '', ''),
(6, 129, 0, 0, '', '', ''),
(7, 129, 0, 0, '', '', ''),
(8, 129, 0, 0, '', '', ''),
(9, 129, 0, 0, '', '', ''),
(10, 129, 0, 0, '', '', ''),
(11, 129, 0, 0, '', '', ''),
(12, 129, 0, 0, '', '', ''),
(13, 129, 0, 0, '', '', ''),
(14, 129, 0, 0, '', '', ''),
(15, 129, 0, 0, '', '', ''),
(16, 129, 0, 0, '', '', ''),
(17, 129, 0, 0, '', '', ''),
(18, 129, 0, 0, '', '', ''),
(19, 129, 0, 0, '', '', ''),
(20, 129, 0, 0, '', '', ''),
(21, 129, 0, 0, '', '', ''),
(22, 129, 0, 0, '', '', ''),
(23, 129, 0, 0, '', '', ''),
(24, 129, 0, 0, '', '', ''),
(25, 129, 0, 0, '', '', ''),
(26, 129, 0, 0, '', '', ''),
(27, 129, 0, 0, '', '', ''),
(28, 129, 0, 0, '', '', ''),
(29, 129, 0, 0, '', '', ''),
(30, 129, 0, 0, '', '', ''),
(31, 129, 0, 0, '', '', ''),
(32, 129, 0, 0, '', '', ''),
(33, 129, 0, 0, '', '', ''),
(34, 129, 0, 0, '', '', ''),
(35, 130, 83, 47, '456', '', ''),
(36, 130, 83, 456, '56', '', ''),
(37, 130, 83, 0, '', '', ''),
(38, 131, 84, 45, '56', '', NULL),
(39, 133, 24, 456, 'ghjkl', '', NULL),
(40, 133, 0, 0, '', '', NULL),
(41, 133, 0, 0, '', '', NULL),
(42, 133, 0, 0, '', '', NULL),
(43, 133, 0, 0, '', '', NULL),
(44, 133, 0, 0, '', '', NULL),
(45, 133, 0, 0, '', '', NULL),
(46, 133, 0, 0, '', '', NULL),
(47, 133, 0, 0, '', '', NULL),
(48, 133, 0, 0, '', '', NULL),
(49, 133, 0, 0, '', '', NULL),
(50, 133, 0, 0, '', '', NULL),
(51, 133, 0, 0, '', '', NULL),
(52, 133, 0, 0, '', '', NULL),
(53, 133, 0, 0, '', '', NULL),
(54, 133, 0, 0, '', '', NULL),
(55, 133, 0, 0, '', '', NULL),
(56, 133, 0, 0, '', '', NULL),
(57, 133, 0, 0, '', '', NULL),
(58, 133, 0, 0, '', '', NULL),
(59, 133, 0, 0, '', '', NULL),
(60, 133, 0, 0, '', '', NULL),
(61, 133, 0, 0, '', '', NULL),
(62, 133, 0, 0, '', '', NULL),
(63, 133, 0, 0, '', '', NULL),
(64, 133, 33, 45, '12', '', NULL);

-- --------------------------------------------------------

--
-- Structure de la table `d_br`
--

CREATE TABLE `d_br` (
  `id_d_br` int(11) NOT NULL,
  `id_br` int(11) NOT NULL,
  `centre` varchar(255) NOT NULL,
  `agent` int(2) UNSIGNED ZEROFILL NOT NULL,
  `id_agent` varchar(255) NOT NULL,
  `im` varchar(255) DEFAULT NULL,
  `dap` date DEFAULT NULL,
  `den` date DEFAULT NULL,
  `mo` varchar(255) DEFAULT NULL,
  `mmht` bigint(255) DEFAULT NULL,
  `mmttc` bigint(255) DEFAULT NULL,
  `nin` varchar(255) DEFAULT NULL,
  `dat` varchar(255) DEFAULT NULL,
  `adr` varchar(255) DEFAULT NULL,
  `cni` bigint(255) DEFAULT NULL,
  `cnie` bigint(20) DEFAULT NULL,
  `ddcni` date DEFAULT NULL,
  `ppo` varchar(255) DEFAULT NULL,
  `ddppo` date DEFAULT NULL,
  `tel1` bigint(11) DEFAULT NULL,
  `tel2` bigint(11) DEFAULT NULL,
  `rib1` varchar(255) DEFAULT NULL,
  `rib2` varchar(255) DEFAULT NULL,
  `cmt` varchar(255) DEFAULT NULL
) ENGINE=InnoDB DEFAULT CHARSET=latin1;

--
-- Déchargement des données de la table `d_br`
--

INSERT INTO `d_br` (`id_d_br`, `id_br`, `centre`, `agent`, `id_agent`, `im`, `dap`, `den`, `mo`, `mmht`, `mmttc`, `nin`, `dat`, `adr`, `cni`, `cnie`, `ddcni`, `ppo`, `ddppo`, `tel1`, `tel2`, `rib1`, `rib2`, `cmt`) VALUES
(11, 20, 'PA', 01, 'PA01', '', '0000-00-00', '0000-00-00', '', 0, 0, '00', '', '', 111, 0, '0000-00-00', '', '0000-00-00', 0, 0, '', '', ''),
(12, 20, 'PA', 01, 'PA01', '', '0000-00-00', '0000-00-00', '', 0, 0, '00', '', '', 11, 0, '0000-00-00', '', '0000-00-00', 0, 0, '', '', ''),
(13, 20, 'PA', 01, 'PA01', '', '0000-00-00', '0000-00-00', '', 0, 0, '00', '', '', 22, 0, '0000-00-00', '', '0000-00-00', 0, 0, '', '', ''),
(14, 20, 'PA', 01, 'PA01', '11', '0000-00-00', '0000-00-00', '', 0, 0, '00', '', '', 11, 0, '0000-00-00', '', '0000-00-00', 0, 0, '', '', ''),
(15, 21, 'PA', 01, 'PA01', '', '0000-00-00', '0000-00-00', '', 0, 0, '00', '', '', 0, 0, '0000-00-00', '', '0000-00-00', 0, 0, '', '', ''),
(16, 23, 'PA', 01, 'PA01', '111', '0000-00-00', '0000-00-00', '', 0, 0, '00', '', '', 1111111, 0, '0000-00-00', '', '0000-00-00', 0, 0, '', '', ''),
(17, 25, 'PA', 01, 'PA01', '1111111', '0000-00-00', '0000-00-00', '', 0, 0, '00', '', '', 222222, 0, '0000-00-00', '', '0000-00-00', 0, 0, '', '', ''),
(18, 27, 'PA', 01, 'PA01', '', '0000-00-00', '0000-00-00', '', 0, 0, '00', '', '', 0, 0, '0000-00-00', '', '0000-00-00', 0, 0, '', '', ''),
(19, 28, 'PA', 01, 'PA01', '', '0000-00-00', '0000-00-00', '', 0, 0, '00', '', '', 0, 0, '0000-00-00', '', '0000-00-00', 0, 0, '', '', ''),
(20, 28, 'PA', 01, 'PA01', '', '0000-00-00', '0000-00-00', '', 0, 0, '00', '', '', 0, 0, '0000-00-00', '', '0000-00-00', 0, 0, '', '', ''),
(21, 28, 'PA', 01, 'PA01', '', '0000-00-00', '0000-00-00', '', 0, 0, '00', '', '', 0, 0, '0000-00-00', '', '0000-00-00', 0, 0, '', '', ''),
(22, 28, 'PA', 01, 'PA01', '', '0000-00-00', '0000-00-00', '', 0, 0, '00', '', '', 0, 0, '0000-00-00', '', '0000-00-00', 0, 0, '', '', ''),
(23, 28, 'PA', 01, 'PA01', '', '0000-00-00', '0000-00-00', '', 0, 0, '00', '', '', 0, 0, '0000-00-00', '', '0000-00-00', 0, 0, '', '', ''),
(24, 29, 'PA', 01, 'PA01', '', '0000-00-00', '0000-00-00', '', 0, 0, '00', '', '', 0, 0, '0000-00-00', '', '0000-00-00', 0, 0, '', '', ''),
(25, 29, 'PA', 01, 'PA01', '', '0000-00-00', '0000-00-00', '', 0, 0, '00', '', '', 0, 0, '0000-00-00', '', '0000-00-00', 0, 0, '', '', ''),
(26, 29, 'PA', 01, 'PA01', '', '0000-00-00', '0000-00-00', '', 0, 0, '00', '', '', 0, 0, '0000-00-00', '', '0000-00-00', 0, 0, '', '', ''),
(27, 29, 'PA', 01, 'PA01', '', '0000-00-00', '0000-00-00', '', 0, 0, '00', '', '', 0, 0, '0000-00-00', '', '0000-00-00', 0, 0, '', '', ''),
(28, 29, 'PA', 01, 'PA01', '', '0000-00-00', '0000-00-00', '', 0, 0, '00', '', '', 0, 0, '0000-00-00', '', '0000-00-00', 0, 0, '', '', ''),
(29, 29, 'PA', 01, 'PA01', '', '0000-00-00', '0000-00-00', '', 0, 0, '00', '', '', 0, 0, '0000-00-00', '', '0000-00-00', 0, 0, '', '', ''),
(30, 29, 'PA', 01, 'PA01', '', '0000-00-00', '0000-00-00', '', 0, 0, '00', '', '', 111111111, 0, '0000-00-00', '', '0000-00-00', 0, 0, '', '', ''),
(31, 29, 'PA', 01, 'PA01', 'fffffff', '0000-00-00', '0000-00-00', '', 0, 0, '00', '', '', 111111111, 0, '0000-00-00', '', '0000-00-00', 0, 0, '', '', ''),
(32, 29, 'PA', 01, 'PA01', 'fffffff', '0000-00-00', '0000-00-00', '', 0, 0, '00', '', '', 111111111, 0, '0000-00-00', '', '0000-00-00', 0, 0, '', '', ''),
(33, 29, 'PA', 01, 'PA01', 'fffffff', '2021-08-13', '2021-08-20', '', 0, 0, '00', '', '', 111111111, 0, '2021-08-02', 'eeeee', '2021-08-18', 0, 0, '', '', ''),
(34, 29, 'PA', 01, 'PA01', 'fffffff', '2021-08-13', '2021-08-20', '', 0, 0, '00', '', '', 111111111, 0, '2021-08-02', 'eeeee', '2021-08-18', 0, 0, '', '', ''),
(35, 29, 'PA', 01, 'PA01', 'fffffff', '2021-08-13', '2021-08-20', 'ee', 0, 0, '00', '', '', 111111111, 0, '2021-08-02', 'eeeee', '2021-08-18', 0, 0, '', '', ''),
(36, 29, 'PA', 01, 'PA01', 'fffffff', '2021-08-13', '2021-08-20', 'ee', 0, 0, '00', '', '', 111111111, 0, '2021-08-02', 'eeeee', '2021-08-18', 0, 0, '', '', ''),
(37, 29, 'PA', 01, 'PA01', 'fffffff', '2021-08-13', '2021-08-20', 'ee', 0, 0, '00', '', '', 111111111, 0, '2021-08-02', 'eeeee', '2021-08-18', 0, 0, '', '', ''),
(38, 29, 'PA', 01, 'PA01', 'fffffff', '2021-08-13', '2021-08-20', 'ee', 0, 0, '00', '', '', 111111111, 0, '2021-08-02', 'eeeee', '2021-08-18', 0, 0, '', '', ''),
(39, 29, 'PA', 01, 'PA01', 'fffffff', '2021-08-13', '2021-08-20', 'ee', 0, 0, '00', '', '', 111111111, 0, '2021-08-02', 'eeeee', '2021-08-18', 0, 0, '', '', ''),
(40, 29, 'PA', 01, 'PA01', 'fffffff', '2021-08-13', '2021-08-20', 'ee', 0, 0, '00', '', '', 111111111, 0, '2021-08-02', 'eeeee', '2021-08-18', 0, 0, '', '', ''),
(41, 29, 'PA', 01, 'PA01', 'fffffff', '2021-08-13', '2021-08-20', 'ee', 0, 0, '00', '', '', 111111111, 0, '2021-08-02', 'eeeee', '2021-08-18', 0, 0, '', '', ''),
(42, 29, 'PA', 01, 'PA01', 'fffffff', '2021-08-13', '2021-08-20', 'ee', 0, 0, '00', '', '', 111111111, 0, '2021-08-02', 'eeeee', '2021-08-18', 0, 0, '', '', ''),
(43, 29, 'PA', 01, 'PA01', 'fffffff', '2021-08-13', '2021-08-20', 'ee', 0, 0, '00', '', '', 111111111, 0, '2021-08-02', 'eeeee', '2021-08-18', 0, 0, '', '', ''),
(44, 29, 'PA', 01, 'PA01', 'fffffff', '2021-08-13', '2021-08-20', 'ee', 0, 0, '00', '', '', 111111111, 0, '2021-08-02', 'eeeee', '2021-08-18', 0, 0, '', '', ''),
(45, 29, 'PA', 01, 'PA01', 'fffffff', '2021-08-13', '2021-08-20', 'ee', 0, 0, '00', '', '', 111111111, 0, '2021-08-02', 'eeeee', '2021-08-18', 0, 0, '', '', ''),
(46, 29, 'PA', 01, 'PA01', 'fffffff', '2021-08-13', '2021-08-20', 'ee', 0, 0, '00', '', '', 111111111, 0, '2021-08-02', 'eeeee', '2021-08-18', 0, 0, '', '', ''),
(47, 29, 'PA', 01, 'PA01', 'fffffff', '2021-08-13', '2021-08-20', 'ee', 44444444444, 0, '00', '', '', 111111111, 0, '2021-08-02', 'eeeee', '2021-08-18', 0, 0, '', '', ''),
(48, 29, 'PA', 01, 'PA01', 'fffffff', '2021-08-13', '2021-08-20', 'ee', 44444444444, 0, '00', '', '', 111111111, 0, '2021-08-02', 'eeeee', '2021-08-18', 4444444, 0, '', '', ''),
(49, 29, 'PA', 01, 'PA01', 'fffffff', '2021-08-13', '2021-08-20', 'ee', 44444444444, 4444444444, '00', '', '', 111111111, 0, '2021-08-02', 'eeeee', '2021-08-18', 4444444, 0, '', '', ''),
(50, 29, 'PA', 01, 'PA01', 'fffffff', '2021-08-13', '2021-08-20', 'ee', 44444444444, 4444444444, '00', '', '', 111111111, 0, '2021-08-02', 'eeeee', '2021-08-18', 4444444, 444444444, '', '', ''),
(51, 29, 'PA', 01, 'PA01', 'fffffff', '2021-08-13', '2021-08-20', 'ee', 44444444444, 4444444444, '00', '', '', 111111111, 0, '2021-08-02', 'eeeee', '2021-08-18', 4444444, 444444444, '', '', ''),
(52, 29, 'PA', 01, 'PA01', 'fffffff', '2021-08-13', '2021-08-20', 'ee', 44444444444, 4444444444, '00', '', '', 111111111, 0, '2021-08-02', 'eeeee', '2021-08-18', 4444444, 444444444, '', '', ''),
(53, 29, 'PA', 01, 'PA01', 'fffffff', '2021-08-13', '2021-08-20', 'ee', 44444444444, 4444444444, '00', '', '', 111111111, 0, '2021-08-02', 'eeeee', '2021-08-18', 4444444, 444444444, 'dffffffff', '', ''),
(54, 29, 'PA', 01, 'PA01', 'fffffff', '2021-08-13', '2021-08-20', 'ee', 44444444444, 4444444444, '00', 'fffffffff', '', 111111111, 0, '2021-08-02', 'eeeee', '2021-08-18', 4444444, 444444444, 'dffffffff', '', ''),
(55, 29, 'PA', 01, 'PA01', 'fffffff', '2021-08-13', '2021-08-20', 'ee', 44444444444, 4444444444, '00', 'fffffffff', '', 111111111, 0, '2021-08-02', 'eeeee', '2021-08-18', 4444444, 444444444, 'dffffffff', 'ffffffff', ''),
(56, 29, 'PA', 01, 'PA01', 'fffffff', '2021-08-13', '2021-08-20', 'ee', 44444444444, 4444444444, '00', 'fffffffff', 'ffffffffff', 111111111, 0, '2021-08-02', 'eeeee', '2021-08-18', 4444444, 444444444, 'dffffffff', 'ffffffff', ''),
(57, 29, 'PA', 01, 'PA01', 'fffffff', '2021-08-13', '2021-08-20', 'ee', 44444444444, 4444444444, '00', 'fffffffff', 'ffffffffff', 111111111, 0, '2021-08-02', 'eeeee', '2021-08-18', 4444444, 444444444, 'dffffffff', 'ffffffff', 'f\n\n\n\n\n\n'),
(58, 30, 'PA', 01, 'PA01', '1', '0000-00-00', '0000-00-00', '', 0, 0, '00', '', '', 1, 0, '0000-00-00', '', '0000-00-00', 0, 0, '', '', ''),
(59, 30, 'PA', 01, 'PA01', '1', '0000-00-00', '0000-00-00', '', 0, 0, '00', '', '', 1, 0, '0000-00-00', '', '0000-00-00', 0, 0, '', '', ''),
(60, 30, 'PA', 01, 'PA01', '4555', '2021-08-12', '0000-00-00', '', 4458, 0, '00', '', '', 4555, 0, '0000-00-00', '', '0000-00-00', 7777777, 0, 'SN', '', ''),
(61, 30, 'PA', 01, 'PA01', '', '0000-00-00', '0000-00-00', '', 0, 0, '00', '', '', 0, 0, '0000-00-00', '', '0000-00-00', 0, 0, '', '', ''),
(62, 30, 'PA', 01, 'PA01', '', '0000-00-00', '0000-00-00', '', 0, 0, '00', '', '', 0, 0, '0000-00-00', '', '0000-00-00', 0, 0, '', '', ''),
(63, 30, 'PA', 01, 'PA01', '', '0000-00-00', '0000-00-00', '', 0, 0, '00', '', '', 0, 0, '0000-00-00', '', '0000-00-00', 0, 0, '', '', ''),
(64, 30, 'PA', 01, 'PA01', '', '0000-00-00', '0000-00-00', '', 0, 0, '00', '', '', 0, 0, '0000-00-00', '', '0000-00-00', 0, 0, '', '', ''),
(65, 30, 'PA', 01, 'PA01', '', '0000-00-00', '0000-00-00', '', 0, 0, '00', '', '', 0, 0, '0000-00-00', '', '0000-00-00', 0, 0, '', '', ''),
(66, 30, 'PA', 01, 'PA01', '', '0000-00-00', '0000-00-00', '', 0, 0, '00', '', '', 0, 0, '0000-00-00', '', '0000-00-00', 0, 0, '', '', ''),
(67, 30, 'PA', 01, 'PA01', '', '0000-00-00', '0000-00-00', '', 0, 0, '00', '', '', 0, 0, '0000-00-00', '', '0000-00-00', 0, 0, '', '', ''),
(68, 30, 'PA', 01, 'PA01', '', '0000-00-00', '0000-00-00', '', 0, 0, '00', '', '', 0, 0, '0000-00-00', '', '0000-00-00', 0, 0, '', '', ''),
(69, 30, 'PA', 01, 'PA01', '', '0000-00-00', '0000-00-00', '', 0, 0, '00', '', '', 0, 0, '0000-00-00', '', '0000-00-00', 0, 0, '', '', ''),
(70, 30, 'PA', 01, 'PA01', '', '0000-00-00', '0000-00-00', '', 0, 0, '00', '', '', 0, 0, '0000-00-00', '', '0000-00-00', 0, 0, '', '', ''),
(71, 30, 'PA', 01, 'PA01', '', '0000-00-00', '0000-00-00', '', 0, 0, '00', '', '', 0, 0, '0000-00-00', '', '0000-00-00', 0, 0, '', '', ''),
(72, 30, 'PA', 01, 'PA01', '', '0000-00-00', '0000-00-00', '', 0, 0, '00', '', '', 0, 0, '0000-00-00', '', '0000-00-00', 0, 0, '', '', ''),
(73, 30, 'PA', 01, 'PA01', '', '0000-00-00', '0000-00-00', '', 0, 0, '00', '', '', 0, 0, '0000-00-00', '', '0000-00-00', 0, 0, '', '', ''),
(74, 30, 'PA', 01, 'PA01', '', '0000-00-00', '0000-00-00', '', 0, 0, '00', '', '', 0, 0, '0000-00-00', '', '0000-00-00', 0, 0, '', '', ''),
(75, 30, 'PA', 01, 'PA01', 's', '0000-00-00', '0000-00-00', '', 0, 0, '00', '', '', 0, 0, '0000-00-00', '', '0000-00-00', 0, 0, '', '', ''),
(76, 30, 'PA', 01, 'PA01', 's', '0000-00-00', '0000-00-00', '', 0, 0, '00', '', '', 0, 0, '0000-00-00', '', '0000-00-00', 0, 0, '', '', ''),
(77, 30, 'PA', 01, 'PA01', 's', '0000-00-00', '0000-00-00', '', 0, 0, '00', '', '', 0, 0, '0000-00-00', '', '0000-00-00', 0, 0, '', '', ''),
(78, 30, 'PA', 01, 'PA01', 's', '0000-00-00', '0000-00-00', '', 0, 0, '00', '', '', 0, 0, '0000-00-00', '', '0000-00-00', 0, 0, '', '', ''),
(79, 30, 'PA', 01, 'PA01', 's', '0000-00-00', '0000-00-00', '', 0, 0, '00', '', '', 0, 0, '0000-00-00', '', '0000-00-00', 0, 0, '', '', ''),
(80, 30, 'PA', 01, 'PA01', 's', '0000-00-00', '0000-00-00', '', 0, 0, '00', '', '', 0, 0, '0000-00-00', '', '0000-00-00', 0, 0, '', '', ''),
(81, 30, 'PA', 01, 'PA01', 's', '0000-00-00', '0000-00-00', '', 0, 0, '00', '', '', 0, 0, '0000-00-00', '', '0000-00-00', 0, 0, '', '', ''),
(82, 30, 'PA', 01, 'PA01', 's', '0000-00-00', '0000-00-00', '', 0, 0, '00', '', '', 0, 0, '0000-00-00', '', '0000-00-00', 0, 0, '', '', ''),
(83, 30, 'PA', 01, 'PA01', 's', '0000-00-00', '0000-00-00', '', 0, 0, '00', '', '', 111111111, 0, '0000-00-00', '', '0000-00-00', 0, 0, '', '', ''),
(84, 31, 'PA', 01, 'PA01', '45555', '0000-00-00', '0000-00-00', '', 0, 0, '00', '', '', 44555, 0, '0000-00-00', '', '0000-00-00', 0, 0, '', '', ''),
(85, 32, 'PA', 01, 'PA01', '', '0000-00-00', '0000-00-00', '', 0, 0, '00', '', '', 111111, 0, '0000-00-00', '', '0000-00-00', 0, 0, '', '', ''),
(86, 32, 'PA', 01, 'PA01', '', '0000-00-00', '0000-00-00', '', 0, 0, '00', '', '', 44444, 0, '0000-00-00', '', '0000-00-00', 0, 0, '', '', ''),
(87, 32, 'PA', 01, 'PA01', '', '0000-00-00', '0000-00-00', '', 0, 0, '00', '', '', 444, 0, '0000-00-00', '', '0000-00-00', 0, 0, '', '', ''),
(88, 32, 'PA', 01, 'PA01', '', '0000-00-00', '0000-00-00', '', 0, 0, '00', '', '', 7889999999999, 0, '0000-00-00', '', '0000-00-00', 0, 0, '', '', ''),
(89, 32, 'PA', 01, 'PA01', '', '0000-00-00', '0000-00-00', '', 0, 0, '00', '', '', 45, 0, '0000-00-00', '', '0000-00-00', 0, 0, '', '', ''),
(90, 32, 'PA', 01, 'PA01', '', '0000-00-00', '0000-00-00', '', 0, 0, '00', '', '', 0, 0, '0000-00-00', '', '0000-00-00', 0, 0, '', '', ''),
(91, 32, 'PA', 01, 'PA01', '', '0000-00-00', '0000-00-00', '', 0, 0, '00', '', '', 44444488888888, 0, '0000-00-00', '', '0000-00-00', 0, 0, '', '', ''),
(92, 32, 'PA', 01, 'PA01', '', '0000-00-00', '0000-00-00', '', 0, 0, '00', '', '', 0, 0, '0000-00-00', '', '0000-00-00', 0, 0, '', '', ''),
(93, 32, 'PA', 01, 'PA01', '', '0000-00-00', '0000-00-00', '', 0, 0, '00', '', '', 44444444, 0, '0000-00-00', '', '0000-00-00', 0, 0, '', '', ''),
(94, 32, 'PA', 01, 'PA01', '', '0000-00-00', '0000-00-00', '', 0, 0, '00', '', '', 9223372036854775807, 0, '0000-00-00', '', '0000-00-00', 0, 0, '', '', ''),
(95, 32, 'PA', 01, 'PA01', '', '0000-00-00', '0000-00-00', '', 0, 0, '00', '', '', 9223372036854775807, 0, '0000-00-00', '', '0000-00-00', 0, 0, '', '', ''),
(96, 32, 'PA', 01, 'PA01', '', '0000-00-00', '0000-00-00', '', 0, 0, '00', '', '', 11111111445, 0, '0000-00-00', '', '0000-00-00', 0, 0, '', '', ''),
(97, 32, 'PA', 01, 'PA01', '', '0000-00-00', '0000-00-00', '', 0, 0, '00', '', '', 19969696, 0, '0000-00-00', '', '0000-00-00', 0, 0, '', '', ''),
(98, 33, 'PA', 01, 'PA01', '', '0000-00-00', '0000-00-00', '', 0, 0, '00', '', '', 0, 0, '0000-00-00', '', '0000-00-00', 0, 0, '', '', ''),
(99, 33, 'PA', 01, 'PA01', '', '0000-00-00', '0000-00-00', '', 0, 0, '00', '', '', 11111111, 0, '0000-00-00', '', '0000-00-00', 0, 0, '', '', ''),
(100, 33, 'PA', 01, 'PA01', '', '0000-00-00', '0000-00-00', '', 0, 0, '00', '', '', 55555555, 0, '0000-00-00', '', '0000-00-00', 0, 0, '', '', ''),
(101, 33, 'PA', 01, 'PA01', '', '0000-00-00', '0000-00-00', '', 0, 0, '00', '', '', 555555555, 0, '0000-00-00', '', '0000-00-00', 0, 0, '', '', ''),
(102, 33, 'PA', 01, 'PA01', '', '0000-00-00', '0000-00-00', '', 0, 0, '00', '', '', 5, 0, '0000-00-00', '', '0000-00-00', 0, 0, '', '', ''),
(103, 33, 'PA', 01, 'PA01', '', '0000-00-00', '0000-00-00', '', 0, 0, '00', '', '', 888888, 0, '0000-00-00', '', '0000-00-00', 0, 0, '', '', ''),
(104, 33, 'PA', 01, 'PA01', 'lddldl', '0000-00-00', '0000-00-00', '', 0, 0, '00', '', '', 4444, 0, '0000-00-00', '', '0000-00-00', 0, 0, '', '', ''),
(105, 33, 'PA', 01, 'PA01', 'imitest', '0000-00-00', '0000-00-00', '', 0, 0, '00', '', '', 55555, 0, '0000-00-00', '', '0000-00-00', 0, 0, '', '', ''),
(106, 33, 'PA', 01, 'PA01', 'imii', '0000-00-00', '0000-00-00', '', 0, 0, '00', '', '', 111, 0, '0000-00-00', '', '0000-00-00', 0, 0, '', '', ''),
(107, 33, 'PA', 01, 'PA01', 'sjsjsj', '0000-00-00', '0000-00-00', '', 0, 0, '00', '', '', 0, 0, '0000-00-00', '', '0000-00-00', 0, 0, '', '', ''),
(108, 33, 'PA', 01, 'PA01', 'cckck', '0000-00-00', '0000-00-00', '', 0, 0, '00', '', '', 0, 0, '0000-00-00', '', '0000-00-00', 0, 0, '', '', ''),
(109, 34, 'PA', 01, 'PA01', 'ccd', '2021-08-12', '2021-08-13', 'ss', 1111111, 0, '00', '', '', 0, 0, '2021-08-11', 'ss', '2021-08-04', 0, 0, '', '', ''),
(110, 34, 'PA', 01, 'PA01', 'marché 1', '2021-08-04', '2021-08-05', 'ornage', 10000000000, 777777777777, '00', '', '', 444444444, 14555555, '2021-08-12', 'PA1115d', '2021-08-03', 1755555, 0, '', '', ''),
(111, 34, 'PA', 01, 'PA01', 'marche 1', '2021-08-12', '2021-08-14', 'ouvrier', 1441, 8888888888, '44444444', 'dk', 'dddddd', 888888888, 47856666, '2021-08-09', 'PA1111111', '2021-08-06', 777777, 7777777, 'SNkd', 'SNddddddd', 'dddddd'),
(112, 36, 'PA', 01, 'PA01', 'fghjk', '2021-08-12', '2021-08-25', 'orange', 4, 4, '2', 'kdddd', 'ddddd', 1745200600712, 555555, '2021-08-11', 'PA0014522235', '2021-08-25', 8, 3, 'SN014587', 'SNddddd', 'dddddd'),
(113, 44, 'PA', 01, 'PA01', 'marché 1 ', '2021-08-12', '2021-08-12', 'orange', 26, 8, '14', 'Tigo', 'Ouakam', 1745200600712, 555555, '2021-08-12', 'PA0014522235', '2021-08-12', 16, 7, 'SN014587', 'SN4578922', 'hhhh'),
(114, 35, 'PA', 01, 'PA01', 'dd', '2021-08-11', '2021-08-26', 'd', 444444444, 44444444444, '455555555', 'kllllllllll ', 'jhk', 111111111, 45555, '2021-08-03', 'eeeee', '2021-08-12', 5555555, 7777777, 'SNklllllll', 'SNhggggg', 'coo'),
(115, 47, 'PA', 01, 'PA01', 'bbbbb', '2021-08-15', '2021-08-13', '12222222', 45555, 777777777777, '4445', 'ggg', 'gggg', 122222222, 0, '2021-08-20', 'ffffffff', '2021-08-12', 7777777, 7777777, 'SN444', 'SNgggggg', 'ggg'),
(116, 47, 'PA', 01, 'PA01', 'marche 25', '2021-08-12', '2021-08-20', 'tigo 001', 1455782, 7458899, '1111111', 'kllii', 'iiiiiii', 74555555, 222222, '2021-08-12', 'Pa22145', '2021-08-12', 7774588, 7745588, 'SN222222', 'SN555555', 'iii'),
(117, 47, 'PA', 01, 'PA01', 'marche 02', '2021-08-12', '2021-08-12', 'mo  02', 1455788, 78855544, '1111111', 'hhyjjj', 'hhghjjjj', 7885555, 788855555, '2021-08-12', 'PA11222', '2021-08-12', 8855555, 7754558, 'SN45555555', 'SN222222', 'jjjjjjhgg'),
(118, 47, 'PA', 01, 'PA01', 'jkjkjkjkjj', '2021-08-12', '2021-08-12', 'jhjhjhjhjhgh', 45444545, 454578, '45454545', 'klklklkl', 'jjkkjj', 87755555, 777878445, '2021-08-12', 'ghghghghgh', '2021-08-12', 4545454, 7878785, 'SNjjjkjkj', 'SNjjjjklkljjk', 'nnnn'),
(119, 47, 'PA', 01, 'PA01', 'jkhooii', '2021-08-12', '2021-08-13', 'ghjghghgh', 8999999, 4555555, '566666666', 'jhjhhgh', 'kjkjk', 1221222, 0, '2021-08-12', 'hggggggg', '2021-08-12', 4555555, 5555555, 'SNjkjkjk', 'SNjhjjk', 'ghgh'),
(120, 47, 'PA', 01, 'PA01', 'marche 01', '2021-08-12', '2021-08-12', 'maitre ouvre 01', 457899621, 5547889, '458796', 'Do ', 'adresse 01', 788555, 54548, '2021-08-12', 'PA01245', '2021-08-12', 1445266, 6545778, 'SNmlfhf74', 'SN5474852', 'comment0145'),
(121, 49, 'PA', 01, 'PA01', 'marché 12', '2021-08-12', '2021-08-12', 'jkggg', 1225, 12442, '21', 'ddbgg', 'gbgbgbg', 4444445, 145899965, '2021-08-12', 'TDSERT', '2021-08-12', 4555, 453554, 'SNgghjj', 'SNvvdfv', 'dvdv'),
(122, 49, 'PA', 01, 'PA01', '', '0000-00-00', '0000-00-00', '', 0, 0, '11111111', '', '', 0, 0, '0000-00-00', '', '0000-00-00', 0, 0, 'jjdjdjdj ', '', ''),
(123, 50, 'PA', 01, 'PA01', 'HTTHJ', '2021-08-13', '2021-08-13', 'HHHBJHTJ JJBJRJB JKJKBJJBJBJ', 785457785, 95895858059, '8484894894', 'SVDJFDJ', 'JSDBJ', 6064609, 5455858, '2021-08-13', 'HFGGHGGJH', '2021-08-13', 567757575575757, 578587575848, 'SNHVJHSJDH', 'SNJDFSJJK', 'JHSBDBJHD'),
(124, 51, 'PA', 01, 'PA01', 'YRYRYRYR', '2021-08-13', '2021-08-13', 'JFJFJFJFFF', 4585858, 8888898998, '909998989', 'JDSVDJVJDV', 'JVEJVERJJ', 88745458458458, 78344737478234, '2021-08-13', 'PA584584894589', '2021-08-13', 855858589, 9223372036854775807, 'SNFJJFFJJFJJ', 'SNJFVJSJ', 'JVJRFVJRJ'),
(125, 51, 'PA', 01, 'PA01', '', '0000-00-00', '0000-00-00', '', 0, 0, '', '', '', 0, 0, '0000-00-00', '', '0000-00-00', 0, 0, '', '', ''),
(126, 51, 'PA', 01, 'PA01', '', '0000-00-00', '0000-00-00', '', 0, 0, '', '', '', 0, 0, '0000-00-00', '', '0000-00-00', 0, 0, '', '', ''),
(127, 51, 'PA', 01, 'PA01', '', '0000-00-00', '0000-00-00', '', 0, 0, '', '', '', 0, 0, '0000-00-00', '', '0000-00-00', 0, 0, '', '', ''),
(128, 51, 'PA', 01, 'PA01', '956905609', '2021-08-13', '2021-08-13', '', 0, 0, '', '', '', 5685889, 0, '2021-08-13', 'YERYERYYR', '0000-00-00', 0, 0, '', '', ''),
(129, 51, 'PA', 01, 'PA01', '956905609', '2021-08-13', '2021-08-13', '', 0, 0, '', '', '', 5685889, 0, '2021-08-13', '44', '0000-00-00', 0, 0, '', '', ''),
(130, 51, 'PA', 01, 'PA01', '956905609', '2021-08-13', '2021-08-13', '', 0, 0, '', '', '', 5685889, 0, '2021-08-13', '', '0000-00-00', 0, 0, '', '', ''),
(131, 51, 'PA', 01, 'PA01', '956905609', '2021-08-13', '2021-08-13', '', 0, 0, '', '', '', 5685889, 0, '2021-08-13', '', '0000-00-00', 0, 0, '', '', ''),
(132, 51, 'PA', 01, 'PA01', '956905609', '2021-08-13', '2021-08-13', '', 0, 0, '', '', '', 5685889, 0, '2021-08-13', '', '0000-00-00', 0, 0, '', '', ''),
(133, 51, 'PA', 01, 'PA01', '956905609', '2021-08-13', '2021-08-13', '', 0, 0, '', '', '', 5685889, 0, '2021-08-13', '', '0000-00-00', 0, 0, '', '', ''),
(134, 51, 'PA', 01, 'PA01', '956905609', '2021-08-13', '2021-08-13', '', 0, 0, '', '', '', 5685889, 0, '2021-08-13', '', '0000-00-00', 0, 0, '', '', ''),
(135, 51, 'PA', 01, 'PA01', '956905609', '2021-08-13', '2021-08-13', '', 0, 0, '', '', '', 5685889, 0, '2021-08-13', '', '0000-00-00', 0, 0, '', '', ''),
(136, 51, 'PA', 01, 'PA01', '956905609', '2021-08-13', '2021-08-13', '', 0, 0, '', '', '', 5685889, 0, '2021-08-13', '', '0000-00-00', 0, 0, '', '', ''),
(137, 51, 'PA', 01, 'PA01', '956905609', '2021-08-13', '2021-08-13', '', 0, 0, '', '', '', 5685889, 0, '2021-08-13', '', '0000-00-00', 0, 0, '', '', ''),
(138, 51, 'PA', 01, 'PA01', '956905609', '2021-08-13', '2021-08-13', '', 0, 0, '', '', '', 5685889, 0, '2021-08-13', '', '0000-00-00', 0, 0, '', '', ''),
(139, 51, 'PA', 01, 'PA01', '956905609', '2021-08-13', '2021-08-13', '', 0, 0, '', '', '', 5685889, 0, '2021-08-13', 'l', '0000-00-00', 0, 0, '', '', ''),
(140, 51, 'PA', 01, 'PA01', '956905609', '2021-08-13', '2021-08-13', '', 0, 0, '', '', '', 5685889, 0, '2021-08-13', '', '0000-00-00', 0, 0, '', '', ''),
(141, 51, 'PA', 01, 'PA01', '956905609', '2021-08-13', '2021-08-13', '', 0, 0, '', '', '', 5685889, 0, '2021-08-13', '', '0000-00-00', 0, 0, '', '', ''),
(142, 51, 'PA', 01, 'PA01', '956905609', '2021-08-13', '2021-08-13', '', 0, 0, '', '', '', 5685889, 0, '2021-08-13', '', '0000-00-00', 0, 0, '', '', ''),
(143, 51, 'PA', 01, 'PA01', '', '0000-00-00', '0000-00-00', '', 0, 0, '', '', '', 8464558945894589, 0, '0000-00-00', '', '0000-00-00', 0, 0, '', '', ''),
(144, 51, 'PA', 01, 'PA01', 'UIT4UIT43UIT', '0000-00-00', '0000-00-00', '', 0, 0, '', '', '', 8464558945894589, 0, '0000-00-00', '', '0000-00-00', 0, 0, '', '', ''),
(145, 51, 'PA', 01, 'PA01', 'UIT4UIT43UIT', '0000-00-00', '0000-00-00', '', 0, 0, '', '', '', 8464558945894589, 0, '0000-00-00', '', '0000-00-00', 0, 0, '', '', ''),
(146, 51, 'PA', 01, 'PA01', 'UIT4UIT43UIT', '2021-07-30', '2021-08-06', '', 0, 0, '', '', '', 8464558945894589, 0, '2021-08-04', '', '0000-00-00', 0, 0, '', '', ''),
(147, 51, 'PA', 01, 'PA01', 'UIT4UIT43UIT', '2021-07-30', '2021-08-06', '', 0, 0, '', '', '', 8464558945894589, 0, '2021-08-04', '', '0000-00-00', 0, 0, '', '', ''),
(148, 51, 'PA', 01, 'PA01', 'UIT4UIT43UIT', '2021-07-30', '2021-08-06', '', 0, 0, '', '', '', 8464558945894589, 0, '2021-08-04', '', '0000-00-00', 0, 0, '', '', ''),
(149, 51, 'PA', 01, 'PA01', 'UIT4UIT43UIT', '2021-07-30', '2021-08-06', '', 0, 0, '', '', '', 8464558945894589, 0, '2021-08-04', '', '0000-00-00', 0, 0, '', '', ''),
(150, 51, 'PA', 01, 'PA01', 'UIT4UIT43UIT', '2021-07-30', '2021-08-06', '', 0, 0, '', '', '', 8464558945894589, 0, '2021-08-04', '', '0000-00-00', 0, 0, '', '', ''),
(151, 51, 'PA', 01, 'PA01', 'UIT4UIT43UIT', '2021-07-30', '2021-08-06', '', 0, 0, '', '', '', 8464558945894589, 0, '2021-08-04', '', '0000-00-00', 0, 0, '', '', ''),
(152, 51, 'PA', 01, 'PA01', 'UIT4UIT43UIT', '2021-07-30', '2021-08-06', '', 0, 0, '', '', '', 8464558945894589, 0, '2021-08-04', '____jhrhrhr', '0000-00-00', 0, 0, '', '', ''),
(153, 51, 'PA', 01, 'PA01', 'UIT4UIT43UIT', '2021-07-30', '2021-08-06', '', 0, 0, '', '', '', 8464558945894589, 0, '2021-08-04', '__', '0000-00-00', 0, 0, '', '', ''),
(154, 51, 'PA', 01, 'PA01', 'UIT4UIT43UIT', '2021-07-30', '2021-08-06', '', 0, 0, '', '', '', 8464558945894589, 0, '2021-08-04', '__', '0000-00-00', 0, 0, '', '', ''),
(155, 51, 'PA', 01, 'PA01', 'UIT4UIT43UIT', '2021-07-30', '2021-08-06', '', 0, 0, '', '', '', 8464558945894589, 0, '2021-08-04', '__', '0000-00-00', 0, 0, '', '', '');

-- --------------------------------------------------------

--
-- Structure de la table `d_compte`
--

CREATE TABLE `d_compte` (
  `id_cpt` int(11) NOT NULL,
  `id_c` int(11) NOT NULL,
  `id_a` int(11) NOT NULL,
  `password` varchar(255) NOT NULL
) ENGINE=InnoDB DEFAULT CHARSET=latin1;

--
-- Déchargement des données de la table `d_compte`
--

INSERT INTO `d_compte` (`id_cpt`, `id_c`, `id_a`, `password`) VALUES
(1, 1, 1, 'test'),
(2, 2, 2, 'test'),
(3, 3, 3, 'test'),
(4, 3, 3, 'test');

-- --------------------------------------------------------

--
-- Structure de la table `d_vente`
--

CREATE TABLE `d_vente` (
  `id_dv` int(11) NOT NULL,
  `id_v` int(11) NOT NULL,
  `id_m` int(11) NOT NULL,
  `qte_v` int(11) NOT NULL,
  `prix_v` int(11) NOT NULL
) ENGINE=InnoDB DEFAULT CHARSET=utf8;

--
-- Déchargement des données de la table `d_vente`
--

INSERT INTO `d_vente` (`id_dv`, `id_v`, `id_m`, `qte_v`, `prix_v`) VALUES
(39, 36, 24, 10, 50),
(40, 36, 36, 5, 75),
(43, 38, 25, 2, 40),
(44, 39, 36, 2, 120),
(45, 39, 36, 2, 130),
(46, 36, 25, 6, 396),
(47, 36, 25, 3, 195),
(48, 45, 39, 0, 0),
(49, 50, 24, 1, 1),
(50, 51, 25, 2, 4),
(51, 51, 25, 2, 4),
(52, 51, 41, 0, 0),
(53, 56, 83, 1, 4),
(54, 64, 24, 2, 10),
(55, 64, 24, 1, 2),
(56, 65, 24, 1, 2),
(57, 65, 24, 4, 8);

-- --------------------------------------------------------

--
-- Structure de la table `foo`
--

CREATE TABLE `foo` (
  `FooCode` varchar(16) DEFAULT NULL,
  `Name` varchar(128) DEFAULT NULL,
  `LocalizationCode` varchar(128) GENERATED ALWAYS AS ('Foo.' + `FooCode`) VIRTUAL
) ENGINE=InnoDB DEFAULT CHARSET=utf8mb4;

--
-- Déchargement des données de la table `foo`
--

INSERT INTO `foo` (`FooCode`, `Name`) VALUES
('lo', 'ba'),
('po', 'ka');

-- --------------------------------------------------------

--
-- Structure de la table `fournisseur`
--

CREATE TABLE `fournisseur` (
  `id_f` int(11) NOT NULL,
  `nom_f` varchar(55) NOT NULL,
  `tele_f` varchar(55) NOT NULL,
  `adresse_f` text NOT NULL
) ENGINE=InnoDB DEFAULT CHARSET=latin1;

--
-- Déchargement des données de la table `fournisseur`
--

INSERT INTO `fournisseur` (`id_f`, `nom_f`, `tele_f`, `adresse_f`) VALUES
(17, 'PA', '', ''),
(18, 'KM', '', ''),
(19, 'GW', '', ''),
(20, 'Leona', '', ''),
(21, 'KW', '', '');

-- --------------------------------------------------------

--
-- Structure de la table `medicament`
--

CREATE TABLE `medicament` (
  `id_m` int(11) NOT NULL,
  `code_barre` varchar(200) NOT NULL,
  `desg` varchar(55) NOT NULL,
  `form` varchar(55) NOT NULL,
  `famille` varchar(200) NOT NULL,
  `Prix_u` int(11) NOT NULL
) ENGINE=InnoDB DEFAULT CHARSET=latin1;

--
-- Déchargement des données de la table `medicament`
--

INSERT INTO `medicament` (`id_m`, `code_barre`, `desg`, `form`, `famille`, `Prix_u`) VALUES
(24, '11112', 'DOLIPRANE 1 g', 'Comprimé effervescent sécable', 'DOLIPRANE ', 15),
(25, '2222', 'DOLIPRANE 1 g ', 'Suppositoire', 'DOLIPRANE', 20),
(26, '33333', 'DOLIPRANE 100 mg', ' Sachet', 'DOLIPRANE', 22),
(27, '44444', 'DICLO PHARMA 5 100 mg ', ' Suppositoire', 'DICLO PHARMA 5', 50),
(29, '66666', 'ACIDAC 150 mg ', ' Comprimé', 'ACIDAC', 100),
(30, '7777', 'ACIDAC 300 mg', ' Comprimé', 'ACIDAC ', 23),
(31, '8888', 'ALIVIAR 50 mg', 'Gélule', 'ALIVIAR', 100),
(32, '9999', 'ALPHA-KADOL', ' Pommade', 'ALPHA-KADOL', 10),
(33, '10000', 'AMOXIL 1 g ', 'Comprimé dispersible', 'AMOXIL ', 70),
(34, '100012', 'AMOXIL 125 mg ', 'Poudre pour sirop', 'AMOXIL ', 90),
(35, '10111', 'AMOXIL 250 mg ', 'Poudre pour sirop', 'AMOXIL', 80),
(36, '1121211', 'ANDOL 1000 mg ', 'Comprimé effervescent', 'ANDOL', 60),
(37, '122205', 'ANDRIOL 40 mg', 'Capsule', 'ANDRIOL ', 152);

-- --------------------------------------------------------

--
-- Structure de la table `person`
--

CREATE TABLE `person` (
  `id` int(11) DEFAULT NULL,
  `first_name` varchar(20) DEFAULT NULL,
  `age` int(11) DEFAULT NULL,
  `gender` char(1) DEFAULT NULL
) ENGINE=InnoDB DEFAULT CHARSET=utf8mb4;

--
-- Déchargement des données de la table `person`
--

INSERT INTO `person` (`id`, `first_name`, `age`, `gender`) VALUES
(1, 'Bob', 25, 'M'),
(2, 'Jane', 20, 'F'),
(3, 'Jack', 30, 'M'),
(4, 'Bill', 32, 'M'),
(5, 'Nick', 22, 'M'),
(6, 'Kathy', 18, 'F'),
(7, 'Steve', 36, 'M'),
(8, 'Anne', 25, 'F');

-- --------------------------------------------------------

--
-- Structure de la table `t1`
--

CREATE TABLE `t1` (
  `prefix` char(4) NOT NULL,
  `id` int(10) UNSIGNED NOT NULL
) ENGINE=MyISAM DEFAULT CHARSET=utf8mb4;

--
-- Déchargement des données de la table `t1`
--

INSERT INTO `t1` (`prefix`, `id`) VALUES
('KM', 1),
('KM', 2),
('PA', 1),
('PA', 2);

-- --------------------------------------------------------

--
-- Structure de la table `test`
--

CREATE TABLE `test` (
  `id_cpt` int(11) NOT NULL DEFAULT 0,
  `login` varchar(266) CHARACTER SET latin1 NOT NULL,
  `nom_u` varchar(255) CHARACTER SET latin1 DEFAULT NULL,
  `prenom_u` varchar(255) CHARACTER SET latin1 DEFAULT NULL,
  `password` varchar(255) CHARACTER SET latin1 NOT NULL,
  `image` varchar(255) CHARACTER SET latin1 DEFAULT NULL
) ENGINE=InnoDB DEFAULT CHARSET=utf8mb4;

--
-- Déchargement des données de la table `test`
--

INSERT INTO `test` (`id_cpt`, `login`, `nom_u`, `prenom_u`, `password`, `image`) VALUES
(1, 'PA1', 'ba', 'Aziz', 'test', 'test'),
(2, 'GW2', 'seck', 'Lamin', 'test', 'test'),
(3, 'DP3', 'Diagne', 'Madieye', 'test', 'test'),
(4, 'DP3', 'Diagne', 'Madieye', 'test', 'test');

-- --------------------------------------------------------

--
-- Structure de la table `vente`
--

CREATE TABLE `vente` (
  `id_v` int(11) NOT NULL,
  `id_clt` int(11) NOT NULL,
  `date_v` date NOT NULL
) ENGINE=InnoDB DEFAULT CHARSET=latin1;

--
-- Déchargement des données de la table `vente`
--

INSERT INTO `vente` (`id_v`, `id_clt`, `date_v`) VALUES
(36, 54, '2015-07-27'),
(38, 56, '2015-07-27'),
(39, 56, '2015-07-27'),
(40, 56, '2021-07-03'),
(41, 51, '2021-07-03'),
(42, 51, '2021-07-03'),
(43, 51, '2021-07-03'),
(44, 51, '2021-07-05'),
(45, 51, '2021-07-05'),
(46, 52, '2021-07-05'),
(47, 51, '2021-07-05'),
(48, 51, '2021-07-05'),
(49, 51, '2021-07-06'),
(50, 51, '2021-07-06'),
(51, 54, '2021-07-06'),
(52, 51, '2021-07-06'),
(53, 51, '2021-07-06'),
(54, 51, '2021-07-06'),
(55, 51, '2021-07-06'),
(56, 51, '2021-07-08'),
(57, 51, '2021-07-08'),
(58, 51, '2021-07-17'),
(59, 51, '2021-07-17'),
(60, 51, '2021-08-05'),
(61, 51, '2021-08-05'),
(62, 51, '2021-08-05'),
(63, 51, '2021-08-05'),
(64, 51, '2021-08-05'),
(65, 51, '2021-08-05');

--
-- Index pour les tables déchargées
--

--
-- Index pour la table `achat`
--
ALTER TABLE `achat`
  ADD PRIMARY KEY (`id_a`),
  ADD KEY `achat_ibfk_2` (`id_f`);

--
-- Index pour la table `agent`
--
ALTER TABLE `agent`
  ADD PRIMARY KEY (`id_a`);

--
-- Index pour la table `br`
--
ALTER TABLE `br`
  ADD PRIMARY KEY (`id_br`);

--
-- Index pour la table `centre`
--
ALTER TABLE `centre`
  ADD PRIMARY KEY (`id_c`);

--
-- Index pour la table `client`
--
ALTER TABLE `client`
  ADD PRIMARY KEY (`id_clt`);

--
-- Index pour la table `compte`
--
ALTER TABLE `compte`
  ADD PRIMARY KEY (`id_cpt`);

--
-- Index pour la table `compte_autorise`
--
ALTER TABLE `compte_autorise`
  ADD PRIMARY KEY (`id_c`,`id_cpt`),
  ADD KEY `id_cpt` (`id_cpt`);

--
-- Index pour la table `detail_compte`
--
ALTER TABLE `detail_compte`
  ADD PRIMARY KEY (`id_cpt`);

--
-- Index pour la table `d_achat`
--
ALTER TABLE `d_achat`
  ADD PRIMARY KEY (`id_da`);

--
-- Index pour la table `d_br`
--
ALTER TABLE `d_br`
  ADD PRIMARY KEY (`id_d_br`);

--
-- Index pour la table `d_compte`
--
ALTER TABLE `d_compte`
  ADD PRIMARY KEY (`id_cpt`),
  ADD KEY `id_c` (`id_c`),
  ADD KEY `id_a` (`id_a`);

--
-- Index pour la table `d_vente`
--
ALTER TABLE `d_vente`
  ADD PRIMARY KEY (`id_dv`);

--
-- Index pour la table `fournisseur`
--
ALTER TABLE `fournisseur`
  ADD PRIMARY KEY (`id_f`);

--
-- Index pour la table `t1`
--
ALTER TABLE `t1`
  ADD PRIMARY KEY (`prefix`,`id`);

--
-- Index pour la table `vente`
--
ALTER TABLE `vente`
  ADD PRIMARY KEY (`id_v`),
  ADD KEY `vente_ibfk_1` (`id_clt`);

--
-- AUTO_INCREMENT pour les tables déchargées
--

--
-- AUTO_INCREMENT pour la table `achat`
--
ALTER TABLE `achat`
  MODIFY `id_a` int(11) NOT NULL AUTO_INCREMENT, AUTO_INCREMENT=145;

--
-- AUTO_INCREMENT pour la table `agent`
--
ALTER TABLE `agent`
  MODIFY `id_a` int(11) NOT NULL AUTO_INCREMENT, AUTO_INCREMENT=5;

--
-- AUTO_INCREMENT pour la table `br`
--
ALTER TABLE `br`
  MODIFY `id_br` int(11) NOT NULL AUTO_INCREMENT, AUTO_INCREMENT=54;

--
-- AUTO_INCREMENT pour la table `centre`
--
ALTER TABLE `centre`
  MODIFY `id_c` int(11) NOT NULL AUTO_INCREMENT, AUTO_INCREMENT=4;

--
-- AUTO_INCREMENT pour la table `client`
--
ALTER TABLE `client`
  MODIFY `id_clt` int(11) NOT NULL AUTO_INCREMENT, AUTO_INCREMENT=59;

--
-- AUTO_INCREMENT pour la table `compte`
--
ALTER TABLE `compte`
  MODIFY `id_cpt` int(2) UNSIGNED ZEROFILL NOT NULL AUTO_INCREMENT, AUTO_INCREMENT=4;

--
-- AUTO_INCREMENT pour la table `detail_compte`
--
ALTER TABLE `detail_compte`
  MODIFY `id_cpt` int(11) NOT NULL AUTO_INCREMENT;

--
-- AUTO_INCREMENT pour la table `d_achat`
--
ALTER TABLE `d_achat`
  MODIFY `id_da` int(11) NOT NULL AUTO_INCREMENT, AUTO_INCREMENT=65;

--
-- AUTO_INCREMENT pour la table `d_br`
--
ALTER TABLE `d_br`
  MODIFY `id_d_br` int(11) NOT NULL AUTO_INCREMENT, AUTO_INCREMENT=156;

--
-- AUTO_INCREMENT pour la table `d_compte`
--
ALTER TABLE `d_compte`
  MODIFY `id_cpt` int(11) NOT NULL AUTO_INCREMENT, AUTO_INCREMENT=5;

--
-- AUTO_INCREMENT pour la table `d_vente`
--
ALTER TABLE `d_vente`
  MODIFY `id_dv` int(11) NOT NULL AUTO_INCREMENT, AUTO_INCREMENT=58;

--
-- AUTO_INCREMENT pour la table `fournisseur`
--
ALTER TABLE `fournisseur`
  MODIFY `id_f` int(11) NOT NULL AUTO_INCREMENT, AUTO_INCREMENT=22;

--
-- AUTO_INCREMENT pour la table `t1`
--
ALTER TABLE `t1`
  MODIFY `id` int(10) UNSIGNED NOT NULL AUTO_INCREMENT;

--
-- AUTO_INCREMENT pour la table `vente`
--
ALTER TABLE `vente`
  MODIFY `id_v` int(11) NOT NULL AUTO_INCREMENT, AUTO_INCREMENT=66;
COMMIT;

/*!40101 SET CHARACTER_SET_CLIENT=@OLD_CHARACTER_SET_CLIENT */;
/*!40101 SET CHARACTER_SET_RESULTS=@OLD_CHARACTER_SET_RESULTS */;
/*!40101 SET COLLATION_CONNECTION=@OLD_COLLATION_CONNECTION */;
